{
    "mfcc8_mean": [
        -24.915822982788086,
        37.75226974487305
    ],
    "chroma_stft_mean": [
        0.1719392091035843,
        0.6362097263336182
    ],
    "mfcc9_mean": [
        -27.795074462890625,
        13.978944778442383
    ],
    "rms_mean": [
        0.007976115681231022,
        0.3216504454612732
    ],
    "mfcc10_mean": [
        -12.050176620483398,
        24.79671859741211
    ],
    "spectral_centroid_mean": [
        749.3539040730334,
        4282.077748119587
    ],
    "mfcc11_mean": [
        -28.0575008392334,
        9.790149688720703
    ],
    "mfcc12_mean": [
        -15.796445846557617,
        20.714305877685547
    ],
    "mfcc13_mean": [
        -19.733619689941406,
        9.389556884765625
    ],
    "mfcc14_mean": [
        -12.594489097595215,
        15.284940719604492
    ],
    "tempo": [
        58.72691761363637,
        234.90767045454547
    ],
    "mfcc1_mean": [
        -498.58624267578125,
        26.7117919921875
    ],
    "mfcc2_mean": [
        -1.461542010307312,
        182.5381317138672
    ],
    "mfcc3_mean": [
        -89.87019348144531,
        53.27796936035156
    ],
    "mfcc4_mean": [
        -18.72754669189453,
        80.70230102539062
    ],
    "mfcc5_mean": [
        -32.478599548339844,
        31.440584182739258
    ],
    "mfcc6_mean": [
        -28.415910720825195,
        45.17317581176758
    ],
    "mfcc7_mean": [
        -30.198862075805664,
        21.82733917236328
    ]
}